{"stats":{"minecraft:killed":{"minecraft:pig":1},"minecraft:crafted":{"minecraft:oak_planks":24,"minecraft:cooked_porkchop":3,"minecraft:crafting_table":1,"minecraft:wooden_pickaxe":1,"minecraft:stone_pickaxe":1,"minecraft:wooden_axe":1,"minecraft:furnace":1,"minecraft:air":0},"minecraft:used":{"minecraft:oak_log":1,"minecraft:wooden_axe":52,"minecraft:apple":1,"minecraft:stone_pickaxe":18,"minecraft:wooden_pickaxe":3,"minecraft:dirt":2,"minecraft:cobblestone":1,"minecraft:crafting_table":2,"minecraft:furnace":1,"minecraft:cooked_porkchop":1},"minecraft:mined":{"minecraft:crafting_table":1,"minecraft:grass":1,"minecraft:grass_block":2,"minecraft:oak_log":49,"minecraft:dead_bush":1,"minecraft:dirt":1,"minecraft:stone":21,"minecraft:oak_leaves":2},"minecraft:picked_up":{"minecraft:stick":22,"minecraft:crafting_table":1,"minecraft:porkchop":3,"minecraft:oak_log":49,"minecraft:dirt":2,"minecraft:apple":6,"minecraft:oak_sapling":24,"minecraft:cobblestone":21},"minecraft:custom":{"minecraft:time_since_rest":11231,"minecraft:interact_with_furnace":5,"minecraft:sprint_one_cm":39673,"minecraft:damage_taken":10,"minecraft:walk_one_cm":39640,"minecraft:mob_kills":1,"minecraft:damage_dealt":100,"minecraft:interact_with_crafting_table":4,"minecraft:fly_one_cm":24181,"minecraft:play_time":11231,"minecraft:sneak_time":5,"minecraft:jump":211,"minecraft:leave_game":1,"minecraft:time_since_death":11231,"minecraft:climb_one_cm":703,"minecraft:total_world_time":11231,"minecraft:fall_one_cm":4464}},"DataVersion":3465}